,newsTitle,timestamp,url_source,content,source,author,urlToImage
0,Work is getting really weird,2024-07-01T12:23:51Z,https://www.businessinsider.com/shadow-stand-ins-outsourcing-jobs-lack-of-promotions-weird-workplace-2024-7,"Lorenzo Matteucci for BI
<ul><li>This post originally appeared in the Insider Today newsletter.</li><li>You can sign up for Business Insider's daily newsletter here",Business Insider,Dan DeFrancesco,https://i.insider.com/6647bce220abc1efe8fb4f96?width=1200&format=jpeg
1,"Roaring Kitty lawsuit, GDP forecasts dip: Monday's market trends",2024-07-01T21:47:31Z,https://finance.yahoo.com/video/roaring-kitty-lawsuit-gdp-forecasts-214731303.html,Yahoo Finance Reporter Josh Schafer joins Asking for a Trend to discuss his key takeaways from the trading day,Yahoo Entertainment,Josh Lipton,https://s.yimg.com/ny/api/res/1.2/X35nbQ9PzBBHK54sYGsxQQ--/YXBwaWQ9aGlnaGxhbmRlcjt3PTEyMDA7aD02NzU-/https://s.yimg.com/os/creatr-uploaded-images/2024-07/db6e2710-37f1-11ef-bf79-4e232f23a050
2,"Here's how you can pay zero federal taxes on a fat retirement income up to $100,000",2024-07-01T10:50:00Z,https://finance.yahoo.com/news/heres-pay-zero-federal-taxes-105000824.html,"Here's how you can pay zero federal taxes on a fat retirement income up to $100,000
Having a large retirement income can provide a lot of comfort in your golden years but the more the IRS claws away… [+3951 chars]",Yahoo Entertainment,Christy Bieber,https://media.zenfs.com/en/moneywise_327/d6d5b194f287d036818e1109da3535e5
3,"Transcript: Eva Shang, CEO, Legalist",2024-07-02T12:00:05Z,https://ritholtz.com/2024/07/transcript-eva-shang/,"The transcript from this weeks, MiB: Eva Shang, CEO, Legalist, is below",Ritholtz.com,Barry Ritholtz,https://ritholtz.com/wp-content/uploads/2023/02/Mib-tile.png
4,New twist in clash between US short seller Hindenburg and India’s Adani,2024-07-02T15:59:13Z,https://www.aljazeera.com/economy/2024/7/2/new-twist-in-clash-between-us-short-seller-hindenburg-and-indias-adani,Hindenburg Research has denied allegations by Indias securities regulator that it colluded with a United States asset manager to use nonpublic information to set up a short bet against Adani Group la… [+3749 chars],Al Jazeera English,Al Jazeera,https://www.aljazeera.com/wp-content/uploads/2023/02/11275177.jpg?resize=1920%2C1440
5,"China Market Update: Mainland Rises Despite Mixed PMIs, Hong Kong Closed For Holiday",2024-07-01T14:38:54Z,https://www.forbes.com/sites/brendanahern/2024/07/01/china-market-update-mainland-rises-despite-mixed-pmis-hong-kong-closed-for-holiday/,"CLN
KraneShares
Key News
Asian equities were little changed overnight on a slow news day and a market holiday in Hong Kong",Forbes,"Brendan Ahern, Senior Contributor, 
 Brendan Ahern, Senior Contributor
 https://www.forbes.com/sites/brendanahern/",https://imageio.forbes.com/specials-images/imageserve/6682bce8a3f57faeb229f3eb/0x0.jpg?format=jpg&height=900&width=1600&fit=bounds
6,"China Market Update: Alibaba Reports $26 Billion In Buybacks Left, Hong Kong",2024-07-02T15:07:17Z,https://www.forbes.com/sites/brendanahern/2024/07/02/china-market-update-alibaba-reports-26-billion-in-buybacks-left-hong-kong/,"CLN
KraneShares
Key News
Asian equities were mixed but mostly lower overnight as Hong Kong and Pakistan outperformed.
Alibaba announced that the company repurchased $5",Forbes,"Brendan Ahern, Senior Contributor, 
 Brendan Ahern, Senior Contributor
 https://www.forbes.com/sites/brendanahern/",https://imageio.forbes.com/specials-images/imageserve/668416ec3478df8a6cbd60b3/0x0.jpg?format=jpg&height=900&width=1600&fit=bounds
7,Long Live The Perfect 10 Portfolio,2024-07-01T13:30:00Z,https://www.forbes.com/sites/johndorfman/2024/07/01/long-live-the-perfect-10-portfolio/,An military vehicle made by Oshkosh Corp. Oshkosh is one of ten companies in the Perfect 10 ... [+] Portfolio. Photo by Alex Brandon /AFP via Getty Images,Forbes,"John Dorfman, Contributor, 
 John Dorfman, Contributor
 https://www.forbes.com/sites/johndorfman/",https://imageio.forbes.com/specials-images/imageserve/66800f29d53ddebf7887f9ac/0x0.jpg?format=jpg&height=900&width=1600&fit=bounds
8,"After A Down Quarter And Class-Action Lawsuit, Nike Prays For A Paris Olympics Win",2024-07-01T04:00:00Z,https://www.forbes.com/sites/pamdanziger/2024/07/01/after-a-down-quarter-and-class-action-lawsuit-nike-prays-for-a-paris-olympics-win/,"Nike Paris Olympic athlete kits
Courtesy of Nike
Nike ended June battered and bruised. It just reported fiscal fourth-quarter revenues through May 31 were down 2% to $12",Forbes,"Pamela N. Danziger, Senior Contributor, 
 Pamela N. Danziger, Senior Contributor
 https://www.forbes.com/sites/pamdanziger/",https://imageio.forbes.com/specials-images/imageserve/6681791a7705e182cab07774/0x0.jpg?format=jpg&height=900&width=1600&fit=bounds
9,Tesla Tremors In The Q2 Force Make Us Wonder What’s Next,2024-07-02T22:56:12Z,https://cleantechnica.com/2024/07/02/tesla-tremors-in-the-q2-force-make-us-wonder-whats-next/,"Sign up for daily news updates from CleanTechnica on email. Or follow us on Google News!
Tesla stock was on a roller coaster ride Tuesday",CleanTechnica,Carolyn Fortuna,https://cleantechnica.com/wp-content/uploads/2023/12/20160127_tesla-model-s-logo-front-grill-KYLE-scaled.jpg
10,Tesla Stock Will Definitely Go Up Or Down In The Next Few Weeks — Maybe,2024-07-02T05:00:59Z,https://cleantechnica.com/2024/07/02/tesla-stock-will-definitely-go-up-or-down-in-the-next-few-weeks-maybe/,"Sign up for daily news updates from CleanTechnica on email. Or follow us on Google News!
When I grow up, I want to be a stock analyst",CleanTechnica,Steve Hanley,https://cleantechnica.com/wp-content/uploads/2024/07/Tesla-Cybertruck-Reveal-Elon-Musk-KYLE-FIELD-CLEANTECHNICA-Header.png
11,Amazon Prime Day 2024: The Best Early Clothing And Accessories Deals to Shop Now,2024-07-01T13:54:58Z,http://wwd.com/shop/shop-fashion/amazon-prime-day-2024-fashion-clothing-deals-sale-1236476369/,"If you purchase an independently reviewed product or service through a link on our website, WWD may receive an affiliate commission",WWD,Olivia Cigliano,https://wwd.com/wp-content/uploads/2024/07/amazon-prime-day-fashion-accessories-deals.jpg?w=1000&h=563&crop=1
12,[Removed],1970-01-01T00:00:00Z,https://removed.com,[Removed],[Removed],,
13,Several Insiders Invested In Universal Electronics Flagging Positive News,2024-07-02T10:56:57Z,https://finance.yahoo.com/news/several-insiders-invested-universal-electronics-105657166.html,"When a single insider purchases stock, it is typically not a major deal. However, when multiple insiders purchase stock, like in Universal Electronics Inc",Yahoo Entertainment,editorial-team@simplywallst.com (Simply Wall St),https://media.zenfs.com/en/simply_wall_st__316/ef44053e61ec22e0225ca0b410549edf
14,Several Insiders Invested In Great Western Exploration Flagging Positive News,2024-07-02T21:04:50Z,https://finance.yahoo.com/news/several-insiders-invested-great-western-210450539.html,"Usually, when one insider buys stock, it might not be a monumental event",Yahoo Entertainment,editorial-team@simplywallst.com (Simply Wall St),https://media.zenfs.com/en/simply_wall_st__316/7a92075e7c274cfc915511d1e9d413e3
15,Insider Stock Buying Reaches US$635.3k On PureCycle Technologies,2024-07-01T13:42:59Z,https://finance.yahoo.com/news/insider-stock-buying-reaches-us-134259945.html,"It is usually uneventful when a single insider buys stock. However, When quite a few insiders buy shares, as it happened in PureCycle Technologies, Inc",Yahoo Entertainment,editorial-team@simplywallst.com (Simply Wall St),https://media.zenfs.com/en/simply_wall_st__316/b6651b02293f0a57ba2ad962c63e215d
16,"Is It Time To Consider Buying Mattel, Inc. (NASDAQ:MAT)?",2024-07-01T10:09:28Z,https://finance.yahoo.com/news/time-consider-buying-mattel-inc-100928849.html,"While Mattel, Inc",Yahoo Entertainment,editorial-team@simplywallst.com (Simply Wall St),https://media.zenfs.com/en/simply_wall_st__316/cfafcd130e35225fcd8d960b16eecab0
17,Exxon Mobil Insiders Sold US$2.2m Of Shares Suggesting Hesitancy,2024-07-01T12:00:17Z,https://finance.yahoo.com/news/exxon-mobil-insiders-sold-us-120017810.html,"Many Exxon Mobil Corporation (NYSE:XOM) insiders ditched their stock over the past year, which may be of interest to the company's shareholders",Yahoo Entertainment,editorial-team@simplywallst.com (Simply Wall St),https://media.zenfs.com/en/simply_wall_st__316/69c6c9d535f446ee229dd7b831faff9d
18,Biden Administration Launches Program To Bolster US Chip Workforce,2024-07-02T13:20:11Z,https://finance.yahoo.com/news/biden-administration-launches-program-bolster-132011983.html,"Biden Administration Launches Program To Bolster US Chip Workforce
The Biden administration has initiated a new program to develop the U.S",Yahoo Entertainment,Shivani Kumaresan,https://media.zenfs.com/en/Benzinga/aa8ff40829f264c4a7c03b1f80fa559d
19,Nano-Cap Tonix Pharmaceuticals Secures Large US Department of Defense Contract,2024-07-01T15:07:24Z,https://finance.yahoo.com/news/nano-cap-tonix-pharmaceuticals-secures-150724887.html,"Nano-Cap Tonix Pharmaceuticals Secures Large US Department of Defense Contract
On Monday, Tonix Pharmaceuticals Holding Corp (NASDAQ:TNXP) was awarded an Other Transaction Agreement (OTA) with a pot… [+2963 chars]",Yahoo Entertainment,Vandana Singh,https://media.zenfs.com/en/Benzinga/bb7113932f6cfcadb6331f8a6c0d3dd6
20,Top Dividend Stocks To Watch In July 2024,2024-07-02T01:04:14Z,https://finance.yahoo.com/news/top-dividend-stocks-watch-july-010414557.html,"The Indian stock market has shown robust performance, with a significant 44% increase over the past year and a recent rise of 1.1% in just the last week",Yahoo Entertainment,editorial-team@simplywallst.com (Simply Wall St),https://media.zenfs.com/en/simply_wall_st__316/cb577674b7e557d971f138507100a6d5
21,Alibaba Group Holding Limited (BABA): The Best Consumer Cyclical Stock to Buy According to Hedge Funds?,2024-07-02T14:53:03Z,https://finance.yahoo.com/news/alibaba-group-holding-limited-baba-145303936.html,We recently compiled a list of the 10 Best Consumer Cyclical Stocks To Buy Now,Yahoo Entertainment,Ramish Cheema,https://s.yimg.com/ny/api/res/1.2/Ais1rNV3bcX2FF6pRB_w9w--/YXBwaWQ9aGlnaGxhbmRlcjt3PTEyMDA7aD02NzM-/https://media.zenfs.com/en/insidermonkey.com/090170be12ef840f77e8d544392228a0
22,Favourable Signals For Pensana: Numerous Insiders Acquired Stock,2024-07-01T09:36:52Z,https://finance.yahoo.com/news/favourable-signals-pensana-numerous-insiders-093652851.html,"When a single insider purchases stock, it is typically not a major deal. However, when multiple insiders purchase stock, like in Pensana Plc's (LON:PRE) instance, it's good news for shareholders",Yahoo Entertainment,editorial-team@simplywallst.com (Simply Wall St),https://media.zenfs.com/en/simply_wall_st__316/7a92075e7c274cfc915511d1e9d413e3
23,Investors have found peace in another Trump presidency,2024-07-02T15:47:03Z,https://finance.yahoo.com/news/investors-have-found-peace-in-another-trump-presidency-154703150.html,"Investors are keeping calm and carrying on, as thoughts of a second Donald Trump presidency begin to percolate amid President Joe Biden's prime-time debate debacle",Yahoo Entertainment,Brian Sozzi,https://s.yimg.com/ny/api/res/1.2/cLgPoPo6iNKyBn7Rlb5bfw--/YXBwaWQ9aGlnaGxhbmRlcjt3PTEyMDA7aD04MDA-/https://s.yimg.com/os/creatr-uploaded-images/2024-07/031890b0-3852-11ef-9b3e-7189ab66d1ec
24,Pleasing Signs As A Number Of Insiders Buy KMD Brands Stock,2024-07-02T00:17:42Z,https://finance.yahoo.com/news/pleasing-signs-number-insiders-buy-001742723.html,"When a single insider purchases stock, it is typically not a major deal",Yahoo Entertainment,editorial-team@simplywallst.com (Simply Wall St),https://media.zenfs.com/en/simply_wall_st__316/7f86ac0ff85e31c0be37b579e733ff6b
25,"When Should You Buy Confluent, Inc. (NASDAQ:CFLT)?",2024-07-02T10:40:51Z,https://finance.yahoo.com/news/buy-confluent-inc-nasdaq-cflt-104051737.html,"Confluent, Inc. (NASDAQ:CFLT), is not the largest company out there, but it saw a double-digit share price rise of over 10% in the past couple of months on the NASDAQGS",Yahoo Entertainment,editorial-team@simplywallst.com (Simply Wall St),https://media.zenfs.com/en/simply_wall_st__316/0fe4d5d105492213ce106a92b49639d4
26,Here's Why We Think South Plains Financial (NASDAQ:SPFI) Might Deserve Your Attention Today,2024-07-02T13:26:44Z,https://finance.yahoo.com/news/heres-why-think-south-plains-132644532.html,"Investors are often guided by the idea of discovering 'the next big thing', even if that means buying 'story stocks' without any revenue, let alone profit",Yahoo Entertainment,editorial-team@simplywallst.com (Simply Wall St),https://media.zenfs.com/en/simply_wall_st__316/a192a90509b207df974cc973e0c18172
27,Why the Trump-Biden debate debacle isn’t shaking the confidence of excited tech investors,2024-07-01T14:05:58Z,https://finance.yahoo.com/news/why-the-trump-biden-debate-debacle-isnt-shaking-the-confidence-of-excited-tech-investors-140558070.html,"A tough on the eyes presidential debate might've left viewers with more concern than confidence (or questions than answers), but there are still plenty of reasons investors should remain bullish on r… [+4305 chars]",Yahoo Entertainment,Grace Williams,https://s.yimg.com/ny/api/res/1.2/sSnYbhVaMUgrdFGTxXaT2Q--/YXBwaWQ9aGlnaGxhbmRlcjt3PTEyMDA7aD04MDA-/https://s.yimg.com/os/creatr-uploaded-images/2024-06/b34f58d0-3404-11ef-ab6b-6c7cbfe11f23
28,"Is Now An Opportune Moment To Examine Williams-Sonoma, Inc. (NYSE:WSM)?",2024-07-02T18:13:09Z,https://finance.yahoo.com/news/now-opportune-moment-examine-williams-181309751.html,"Let's talk about the popular Williams-Sonoma, Inc. (NYSE:WSM)",Yahoo Entertainment,editorial-team@simplywallst.com (Simply Wall St),https://media.zenfs.com/en/simply_wall_st__316/82eaaca78b565b1c81994e1687717cec
29,Three Leading Dividend Stocks In India With Yields Up To 4.1%,2024-07-01T01:04:02Z,https://finance.yahoo.com/news/three-leading-dividend-stocks-india-010402953.html,"The Indian market has shown robust performance, appreciating by 44% over the past year and gaining 1.1% in just the last week, with earnings expected to grow by 16% annually",Yahoo Entertainment,editorial-team@simplywallst.com (Simply Wall St),https://media.zenfs.com/en/simply_wall_st__316/46d63f861174685d9a6bcebf459c180a
30,Here's Why We Think Everest Group (NYSE:EG) Might Deserve Your Attention Today,2024-07-02T11:01:33Z,https://finance.yahoo.com/news/heres-why-think-everest-group-110133885.html,"It's common for many investors, especially those who are inexperienced, to buy shares in companies with a good story even if these companies are loss-making",Yahoo Entertainment,editorial-team@simplywallst.com (Simply Wall St),https://media.zenfs.com/en/simply_wall_st__316/a74a8505404280d40aadac9e1fbee3a2
31,Is Jazz Pharmaceuticals plc (JAZZ) the Best Pot Stock to Buy Now?,2024-07-01T04:16:52Z,https://finance.yahoo.com/news/jazz-pharmaceuticals-plc-jazz-best-041652687.html,"We recently compiled a list of the 8 Best Pot Stocks to Buy. In this article, we are going to take a look at where Jazz Pharmaceuticals plc (NASDAQ:JAZZ) stands against the other pot stocks",Yahoo Entertainment,Sultan Khalid,https://s.yimg.com/ny/api/res/1.2/x6MkCnOFu1B7o_2rnAKVig--/YXBwaWQ9aGlnaGxhbmRlcjt3PTEyMDA7aD02NzM-/https://media.zenfs.com/en/insidermonkey.com/2524f60c3ac338b6625713cd191ea657
32,What Does Adairs Limited's (ASX:ADH) Share Price Indicate?,2024-07-02T03:40:28Z,https://finance.yahoo.com/news/does-adairs-limiteds-asx-adh-034028785.html,"Adairs Limited (ASX:ADH), is not the largest company out there, but it saw a decent share price growth of 13% on the ASX over the last few months",Yahoo Entertainment,editorial-team@simplywallst.com (Simply Wall St),https://media.zenfs.com/en/simply_wall_st__316/68a62d0478086092f5e53e71573f470a
33,Here’s Why The Walt Disney Company (DIS) Rose in Q1,2024-07-02T06:54:37Z,https://finance.yahoo.com/news/why-walt-disney-company-dis-065437957.html,"Diamond Hill Capital, an investment management company, released its Long-Short Fund first-quarter 2024 investor letter. A copy of the letter can be downloaded here",Yahoo Entertainment,Soumya Eswaran,https://media.zenfs.com/en/insidermonkey.com/a0a541f30a23fa432a526e356372f1f2
34,You may now own a piece of Trump Media – and not even know it,2024-07-02T16:58:41Z,https://www.cnn.com/2024/07/02/business/trump-media-stock-truth-social-russell?cid=external-feeds_iluminar_yahoo,"If youve got money in the market, you might own a little piece of Trump Media without even knowing it",CNN,"Matt Egan, CNN",https://media.zenfs.com/en/cnn_business_articles_218/6616b03eb250f658c7d339998294b288
35,Australia restricts vape sales to pharmacies in ‘world-leading’ move to cut nicotine use,2024-07-01T05:08:47Z,https://www.cnn.com/2024/07/01/business/australia-vaping-laws-ban-intl-hnk?cid=external-feeds_iluminar_yahoo,Buying a vape just got harder in Australia with the introduction of some of the worlds toughest anti-vaping laws that limit the sale of vapes with nicotine to pharmacies,CNN,"Hilary Whiteman, CNN",https://media.zenfs.com/en/cnn_business_articles_218/c52060c6f2642c59daa610b932bcb10d
36,We Think Shareholders Will Probably Be Generous With Burckhardt Compression Holding AG's (VTX:BCHN) CEO Compensation,2024-07-01T04:04:27Z,https://finance.yahoo.com/news/think-shareholders-probably-generous-burckhardt-040427322.html,"Key Insights
<ul><li>Burckhardt Compression Holding's Annual General Meeting to take place on 7th of July
</li><li>Salary of CHF438",Yahoo Entertainment,editorial-team@simplywallst.com (Simply Wall St),https://media.zenfs.com/en/simply_wall_st__316/4020998fe5d069537fb917fd739e4047
37,Forget the soundbites: Here's what's really happening with all the EV delays,2024-07-01T17:24:30Z,https://www.usatoday.com/story/money/cars/2024/07/01/forget-the-soundbites-heres-whats-really-up-with-all-the-ev-delays/74215936007/,"Pay less attention to todays headlines, and more to the trend line",USA Today,"Mark Phelan, Detroit Free Press",https://s.yimg.com/ny/api/res/1.2/wGD2iWg.hGOCbngE7knFVg--/YXBwaWQ9aGlnaGxhbmRlcjt3PTEyMDA7aD01NzY-/https://media.zenfs.com/en/usa_today_money_325/93a76b60e1ce87825cb13d552a69f3ba
38,Brexit brings dire warnings for Trumpism,2024-07-01T20:46:28Z,https://finance.yahoo.com/news/brexit-brings-dire-warnings-for-trumpism-204628012.html,"When Britain voted to exit the European Union in 2016, Donald Trump, then the Republican candidate for president, declared himself Mr. Brexit",Yahoo Entertainment,Rick Newman,https://s.yimg.com/ny/api/res/1.2/_o_mjBWyCcvQlst2QTHjBQ--/YXBwaWQ9aGlnaGxhbmRlcjt3PTEyMDA7aD03OTQ-/https://s.yimg.com/os/creatr-uploaded-images/2024-07/7003ab80-37e2-11ef-bf7f-81571ab35286
39,Is America saving enough for retirement?,2024-07-02T19:28:57Z,https://finance.yahoo.com/news/is-america-saving-enough-for-retirement-192857286.html,"The endless stream of reports warning that Americans are screwed when it comes to having enough money saved for retirement is numbing.
But take a deep breath. This is mostly a bullish column",Yahoo Entertainment,Kerry Hannon,https://s.yimg.com/ny/api/res/1.2/ZTdokjxNu46nxDdZ84pNAg--/YXBwaWQ9aGlnaGxhbmRlcjt3PTEyMDA7aD04MDA-/https://s.yimg.com/os/creatr-uploaded-images/2024-07/c61d5740-389c-11ef-adf9-37191c0604c8
40,How to Buy I Bonds,2024-07-02T19:00:00Z,https://www.cnet.com/personal-finance/banking/advice/how-to-buy-i-bonds/,"With inflation in the headlines for the past few years, you might want to consider adding I bonds to your portfolio",CNET,David McMillin,https://www.cnet.com/personal-finance/assets/uploads/resize/e0e319afb3a2b300652932c6b61bf07b4bed354f/m1/2024/07/GettyImages-1369048143.jpg?auto=webp
41,Saving Candidate Biden,2024-07-02T09:00:00Z,https://www.thenation.com/?post_type=article&#038;p=508167,"To rescue the presidents faltering campaign, Democrats need to send in their A team.
Ad Policy
(Saul Loeb / Getty)
This article appears in the July 2024 issue, with the headline Saving Biden",Thenation.com,Jeet Heer,https://www.thenation.com/wp-content/uploads/2023/09/biden-tired-getty.jpg
42,Motorola RAZR 50 Ultra Gets Reviewed,2024-07-02T09:27:11Z,https://www.geeky-gadgets.com/motorola-razr-50-ultra-gets-reviewed/,"The Motorola RAZR 50 Ultra is a compact flip phone that excels in versatility, durability, and performance",Geeky Gadgets,Roland Hutchinson,https://www.geeky-gadgets.com/wp-content/uploads/2024/07/Motorola-RAZR-50-Ultra.jpg
43,Judge dismisses lawsuit over federal law on marijuana,2024-07-02T20:58:12Z,https://www.bostonglobe.com/2024/07/02/business/judge-dismisses-lawsuit-over-federal-law-marijuana/,"E-CIGARETTES
The Supreme Court took up an e-cigarette case Tuesday, weighing Food and Drug Administration decisions blocking the marketing of sweet flavored products amid a surge in vaping by young … [+5514 chars]",The Boston Globe,,https://bostonglobe-prod.cdn.arcpublishing.com/resizer/HZ-d0-hGdMmTek7WLhi_1ITagvU=/506x0/cloudfront-us-east-1.images.arcpublishing.com/bostonglobe/DFPXI5SFB46FXLFC7TF4QN6WDY.jpg
44,"It Now Takes An Annual Income Of $186,000 A Year For Americans To Feel Financially Secure",2024-07-02T22:30:22Z,https://www.shtfplan.com/headline-news/it-now-takes-an-annual-income-of-186000-a-year-for-americans-to-feel-financially-secure,This article was originally published by Michael Snyder at The Economic Collapse Blog,Shtfplan.com,Michael Snyder,https://www.shtfplan.com/wp-content/uploads/2016/12/financial-crash-economy2.jpg
45,Here's the biggest risk to Nvidia being a $10 trillion juggernaut,2024-07-02T15:55:09Z,https://finance.yahoo.com/news/heres-the-biggest-risk-to-nvidia-being-a-10-trillion-juggernaut-155509772.html,Nvidia's (NVDA) mind-blowing success story is attracting hungry competitors and that may stand in the way of the chip juggernaut eventually hitting a $10 trillion market cap,Yahoo Entertainment,Grace Williams,https://s.yimg.com/ny/api/res/1.2/7lHkZPlZgWcHfb0D4JGGHw--/YXBwaWQ9aGlnaGxhbmRlcjt3PTEyMDA7aD03OTA-/https://s.yimg.com/os/creatr-uploaded-images/2024-05/0b7303c0-2197-11ef-afff-cc7ac256d1c3
46,Apple's China issues could hamper iPhone sales in 2025: Analyst,2024-07-01T17:34:30Z,https://finance.yahoo.com/news/apples-china-issues-could-hamper-iphone-sales-in-2025-analyst-173430301.html,"Apple (AAPL) is expected to launch its next-generation AI-centric iPhone in September, but the company's Apple Intelligence software platform may not be enough to spark a new sales supercycle in 2025… [+2467 chars]",Yahoo Entertainment,Daniel Howley,https://s.yimg.com/ny/api/res/1.2/QOzOkl4IVlmjdQTZbCth4w--/YXBwaWQ9aGlnaGxhbmRlcjt3PTEyMDA7aD04MDA-/https://s.yimg.com/os/creatr-uploaded-images/2024-06/417a20b0-3250-11ef-bfb7-a3bd21cfafe9
47,Social-media giants get temporary Supreme Court win but no final clarity on free-speech rights,2024-07-01T17:40:50Z,https://finance.yahoo.com/news/social-media-giants-get-temporary-supreme-court-win-but-no-final-clarity-on-free-speech-rights-174050437.html,"The Supreme Court handed a temporary win to social media giants like Facebook (META), YouTube (GOOG, GOOGL), and TikTok as it sent a set of free-speech cases back to the lower courts",Yahoo Entertainment,Alexis Keenan,https://s.yimg.com/ny/api/res/1.2/Gc.vFAFtilHfFTT2rBabHQ--/YXBwaWQ9aGlnaGxhbmRlcjt3PTEyMDA7aD03ODQ-/https://s.yimg.com/os/creatr-uploaded-images/2024-06/d2f3ec50-37c9-11ef-b8f9-af826972df4e
48,Decanter World Wine Awards: America's emerging wine regions grab Gold,2024-07-01T07:00:46Z,https://www.decanter.com/wine-news/decanter-world-wine-awards-americas-emerging-wine-regions-grab-gold-532999/,The Decanter World Wine Awards (DWWA) 2024 have been unveiled with fantastic news for American wineries who entered the competition,decanter.com,Clive Pursehouse,https://keyassets.timeincuk.net/inspirewp/live/wp-content/uploads/sites/34/2024/06/DWWA-USA-Ellen-Richardson.jpg
49,Economic Issues Drove France’s Far-Right Win,2024-07-01T18:30:21Z,https://foreignpolicy.com/2024/07/01/france-far-right-economy-election-first-round/,Frances far-right Rassemblement National (RN) party came in first place in Sundays first round of parliamentary elections,Foreign Policy,Cameron Abadi and Adam Tooze,https://foreignpolicy.com/wp-content/uploads/2024/07/france-far-right-le-pen-GettyImages-2159407035-e1719858031906.jpg?w=1000
50,"So long as the music’s playing, investors must get up and dance",2024-07-02T04:30:19Z,https://www.livemint.com/opinion/online-views/so-long-as-the-music-s-playing-investors-must-get-up-and-dance-11719862029477.html,"In September 2023, stock brokerage Kotak Institutional Equities (KIE) issued a research note saying, The steep increase in stock prices simply reflects the irrational exuberance of investors in the m… [+4979 chars]",Livemint,Vivek Kaul,https://www.livemint.com/lm-img/img/2024/07/01/1600x900/Nifty_1667546435835_1719868869559.jpg
51,RBI’s financial stability report is not exactly worry free,2024-07-01T03:00:04Z,https://www.livemint.com/opinion/online-views/rbis-financial-stability-report-is-not-exactly-worry-free-11719778140053.html,"In the collective assessment of the Sub-Committee of the Financial Stability and Development Council on current and emerging risks to the stability of the Indian financial system, our financial secto… [+3277 chars]",Livemint,Livemint,https://www.livemint.com/lm-img/img/2024/06/30/1600x900/rbi1-ktK--621x414LiveMint_1719781151670_1719781151946.jpg
52,Chewy stock goes on wild ride after ‘Roaring Kitty’ discloses $245 million stake,2024-07-01T15:22:41Z,https://fortune.com/2024/07/01/chewy-stock-chwy-roaring-kitty-keith-gill-245-million-stake-meme-stocks/,Chewy Inc. shares erased gains after initially spiking as much as 10% on Monday as Keith Gill known online as Roaring Kitty disclosed a 6.6% passive stake in the online pet food and product retailer,Fortune,"Subrat Patnaik, Bloomberg","https://fortune.com/img-assets/wp-content/uploads/2024/07/GettyImages-1233356669-e1719846898940.jpg?resize=1200,600"
53,Bullish Reversal For Bitcoin? Retail Investors Flood Back As New Addresses Reach 4-Month Peak,2024-07-02T21:30:22Z,http://www.newsbtc.com/bitcoin-news/bullish-reversal-for-bitcoin-retail-investors-flood-back-as-new-addresses-reach-4-month-peak/,"Recently, the price of Bitcoin (BTC) has entered a consolidation phase, fluctuating between $61,000 and $62,000 after a brief drop to $58,000 on June 24",newsBTC,Ronaldo Marquez,https://www.newsbtc.com/wp-content/uploads/2024/07/Screenshot_248.jpg?fit=1326%2C741
54,Stocking The Pantry,2024-07-01T10:12:01Z,https://www.onehundreddollarsamonth.com/stocking-the-pantry/,"Hello and HAPPY Monday! 
Im happy to report that after staying at various Airbnbs, living off of take out and hanging out at the laundromat way more than I would have liked too, we ARE finally in ou… [+3085 chars]",Onehundreddollarsamonth.com,Mavis Butterfield,https://www.onehundreddollarsamonth.com/wp-content/uploads/2024/06/trader-joes-shopping-trip.jpg
55,Big Jump for Tesla Lifts Wall Street to New Records,2024-07-02T20:49:04Z,https://www.newser.com/story/352474/big-jump-for-tesla-lifts-wall-street-to-new-records.html,"But losses for some big, influential stocks offset Tesla's leap, the AP reports. Nvidia, which has become the poster child of the rush into artificial-intelligence technology, fell 1",Newser,Rob Quinn,https://img1-azrcdn.newser.com/image/1543880-12-20240702161917.jpeg
56,Remarks by Commissioner Peirce at the Annual US-Central and Eastern European Connection Weekend,2024-07-02T13:32:59Z,https://corpgov.law.harvard.edu/2024/07/02/the-hitchhikers-guide-to-esg-remarks-at-annual-us-central-and-eastern-european-connection-weekend/,"Thank you, Lukasz [Chyla],for that introduction. And thank you to the Jagiellonian University and to Catholic University for hosting this conference",Harvard School of Engineering and Applied Sciences,"Hester Peirce, Hester Peirce",https://corpgov.law.harvard.edu/wp-content/uploads/2021/03/new-shield-facebook.png
57,"Share Market Highlights 1 July 2024: Banking and IT shares drive Sensex to all-time high, Nifty sets fresh lifetime record",2024-07-01T01:08:58Z,https://www.thehindubusinessline.com/markets/stock-market-highlights-01-july-2024/article68351715.ece,"<li></li>
July 01, 2024 16:12Stock market live news: Tata Motors Q1 FY25 sales increase marginally to 229,891 vehicles
Tata Motors Limited sales in the domestic &amp; international market for Q1 FY… [+54278 chars]",BusinessLine,Team BL,https://bl-i.thgim.com/public/incoming/t752s5/article68351724.ece/alternates/LANDSCAPE_1200/Stock%20market%20live%20today.jpg
58,Wockhardt soars to 6-year high,2024-07-02T01:54:23Z,https://economictimes.indiatimes.com/markets/stocks/news/wockhardt-soars-to-6-year-high/articleshow/111417901.cms,"(What's moving Sensex and Nifty Track latest market news, stock tips, Budget 2024 and expert advice, on ETMarkets. Also, ETMarkets.com is now on Telegram",The Times of India,Ruchita Sonawane,"https://img.etimg.com/thumb/msid-111417907,width-1200,height-630,imgsize-1730067,overlay-etmarkets/photo.jpg"
59,Wipro Stocks Live Updates: Wipro Closes at Rs 514.85 with Impressive 1-Month Return of 12.89%,2024-07-01T03:01:07Z,https://economictimes.indiatimes.com/markets/stocks/stock-liveblog/wipro-stocks-live-updates-01-jul-2024/liveblog/111391719.cms,"Aquaguard Aura RO+UV+UF+Taste Adjuster(MTDS) with Active Copper &amp; Zinc 7L water purifier,8 stages of purification,suitable for borewell,tanker,municipal water(Black) from Eureka Forbes
Buy Now",The Times of India,Economic Times,"https://economictimes.indiatimes.com/thumb/msid-111391719,width-600,resizemode-4,imglength-21140/markets/stocks/stock-liveblog/wipro-stocks-live-updates-01-jul-2024.jpg"
60,Infosys Share Price Today Live Updates: Infosys Closes at Rs 1566.75 with 6.8% 1-Month Return,2024-07-01T03:02:46Z,https://economictimes.indiatimes.com/markets/stocks/stock-liveblog/infosys-share-price-today-live-updates-01-jul-2024/liveblog/111391807.cms,"Aquaguard Aura RO+UV+UF+Taste Adjuster(MTDS) with Active Copper &amp; Zinc 7L water purifier,8 stages of purification,suitable for borewell,tanker,municipal water(Black) from Eureka Forbes
Buy Now",The Times of India,Economic Times,"https://economictimes.indiatimes.com/thumb/msid-111391807,width-600,resizemode-4,imglength-72191/markets/stocks/stock-liveblog/infosys-share-price-today-live-updates-01-jul-2024.jpg"
61,Tata Motors Share Price Today Live Updates: Tata Motors Closes at Rs 989.75 with 1-Month Return of 4.45%,2024-07-01T03:03:44Z,https://economictimes.indiatimes.com/markets/stocks/stock-liveblog/tata-motors-share-price-today-live-updates-01-jul-2024/liveblog/111391835.cms,"Aquaguard Aura RO+UV+UF+Taste Adjuster(MTDS) with Active Copper &amp; Zinc 7L water purifier,8 stages of purification,suitable for borewell,tanker,municipal water(Black) from Eureka Forbes
Buy Now",The Times of India,Economic Times,"https://economictimes.indiatimes.com/thumb/msid-111391835,width-600,resizemode-4,imglength-32224/markets/stocks/stock-liveblog/tata-motors-share-price-today-live-updates-01-jul-2024.jpg"
62,HDFC Life Insurance Company Share Price Today Live Updates: HDFC Life Insurance Closes at Rs 595.05 with 1-Month Return of 2.87%,2024-07-01T03:03:46Z,https://economictimes.indiatimes.com/markets/stocks/stock-liveblog/hdfc-life-insurance-company-share-price-today-live-updates-01-jul-2024/liveblog/111391836.cms,"Aquaguard Aura RO+UV+UF+Taste Adjuster(MTDS) with Active Copper &amp; Zinc 7L water purifier,8 stages of purification,suitable for borewell,tanker,municipal water(Black) from Eureka Forbes
Buy Now",The Times of India,Economic Times,"https://economictimes.indiatimes.com/thumb/msid-111391836,width-600,resizemode-4,imglength-52160/markets/stocks/stock-liveblog/hdfc-life-insurance-company-share-price-today-live-updates-01-jul-2024.jpg"
63,Oil And Natural Gas Corporation Stocks Live Updates: Oil And Natural Gas Corporation Closes at Rs 274.20 with -0.04% One-Month Return,2024-07-01T03:02:38Z,https://economictimes.indiatimes.com/markets/stocks/stock-liveblog/oil-and-natural-gas-corporation-stocks-live-updates-01-jul-2024/liveblog/111391794.cms,"Aquaguard Aura RO+UV+UF+Taste Adjuster(MTDS) with Active Copper &amp; Zinc 7L water purifier,8 stages of purification,suitable for borewell,tanker,municipal water(Black) from Eureka Forbes
Buy Now",The Times of India,Economic Times,"https://economictimes.indiatimes.com/thumb/msid-111391794,width-600,resizemode-4,imglength-7412/markets/stocks/stock-liveblog/oil-and-natural-gas-corporation-stocks-live-updates-01-jul-2024.jpg"
64,Dr. Reddy's Laboratories Share Price Live Updates: Dr. Reddy's Laboratories Closes at Rs 6402.35 with 10.54% 1-Month Return,2024-07-01T03:02:27Z,https://economictimes.indiatimes.com/markets/stocks/stock-liveblog/dr-reddys-laboratories-share-price-live-updates-01-jul-2024/liveblog/111391780.cms,"Aquaguard Aura RO+UV+UF+Taste Adjuster(MTDS) with Active Copper &amp; Zinc 7L water purifier,8 stages of purification,suitable for borewell,tanker,municipal water(Black) from Eureka Forbes
Buy Now",The Times of India,Economic Times,"https://economictimes.indiatimes.com/thumb/msid-111391780,width-600,resizemode-4,imglength-13678/markets/stocks/stock-liveblog/dr-reddys-laboratories-share-price-live-updates-01-jul-2024.jpg"
65,Bajaj Finserv Share Price Today Live Updates: Bajaj Finserv Closes at Rs 1588.15 with 1-Month Return of 3.9%,2024-07-01T03:03:01Z,https://economictimes.indiatimes.com/markets/stocks/stock-liveblog/bajaj-finserv-share-price-today-live-updates-01-jul-2024/liveblog/111391817.cms,"Aquaguard Aura RO+UV+UF+Taste Adjuster(MTDS) with Active Copper &amp; Zinc 7L water purifier,8 stages of purification,suitable for borewell,tanker,municipal water(Black) from Eureka Forbes
Buy Now",The Times of India,Economic Times,"https://economictimes.indiatimes.com/thumb/msid-111391817,width-600,resizemode-4,imglength-16440/markets/stocks/stock-liveblog/bajaj-finserv-share-price-today-live-updates-01-jul-2024.jpg"
66,Hindustan Unilever Share Price Today Live Updates: Hindustan Unilever Closes at Rs 2473.05 with 1-Month Return of 3.22%,2024-07-01T03:02:27Z,https://economictimes.indiatimes.com/markets/stocks/stock-liveblog/hindustan-unilever-share-price-today-live-updates-01-jul-2024/liveblog/111391781.cms,"Aquaguard Aura RO+UV+UF+Taste Adjuster(MTDS) with Active Copper &amp; Zinc 7L water purifier,8 stages of purification,suitable for borewell,tanker,municipal water(Black) from Eureka Forbes
Buy Now",The Times of India,Economic Times,"https://economictimes.indiatimes.com/thumb/msid-111391781,width-600,resizemode-4,imglength-48810/markets/stocks/stock-liveblog/hindustan-unilever-share-price-today-live-updates-01-jul-2024.jpg"
67,Moving Averages Updates: Jio Financial Services Slips Below 20-Day EMA as Price Hits Rs 353.70,2024-07-01T03:01:07Z,https://economictimes.indiatimes.com/markets/stocks/stock-liveblog/jio-financial-services-share-price-today-live-updates-01-jul-2024/liveblog/111391721.cms,"Aquaguard Aura RO+UV+UF+Taste Adjuster(MTDS) with Active Copper &amp; Zinc 7L water purifier,8 stages of purification,suitable for borewell,tanker,municipal water(Black) from Eureka Forbes
Buy Now",The Times of India,Economic Times,"https://economictimes.indiatimes.com/thumb/msid-111391721,width-600,resizemode-4,imglength-7310/markets/stocks/stock-liveblog/jio-financial-services-share-price-today-live-updates-01-jul-2024.jpg"
68,LTIMindtree Share Price Today Live Updates: LTIMindtree Closes at Rs 5385.05 with Impressive 1-Month Return of 14.53%,2024-07-01T03:01:22Z,https://economictimes.indiatimes.com/markets/stocks/stock-liveblog/ltimindtree-share-price-today-live-updates-01-jul-2024/liveblog/111391727.cms,"Aquaguard Aura RO+UV+UF+Taste Adjuster(MTDS) with Active Copper &amp; Zinc 7L water purifier,8 stages of purification,suitable for borewell,tanker,municipal water(Black) from Eureka Forbes
Buy Now",The Times of India,Economic Times,"https://economictimes.indiatimes.com/thumb/msid-111391727,width-600,resizemode-4,imglength-15750/markets/stocks/stock-liveblog/ltimindtree-share-price-today-live-updates-01-jul-2024.jpg"
69,Hero MotoCorp Share Price Live Updates: Hero MotoCorp Closes at Rs 5579.6 with 7.63% 1-Month Return,2024-07-01T03:02:25Z,https://economictimes.indiatimes.com/markets/stocks/stock-liveblog/hero-motocorp-share-price-live-updates-01-jul-2024/liveblog/111391779.cms,"Aquaguard Aura RO+UV+UF+Taste Adjuster(MTDS) with Active Copper &amp; Zinc 7L water purifier,8 stages of purification,suitable for borewell,tanker,municipal water(Black) from Eureka Forbes
Buy Now",The Times of India,Economic Times,"https://economictimes.indiatimes.com/thumb/msid-111391779,width-600,resizemode-4,imglength-9828/markets/stocks/stock-liveblog/hero-motocorp-share-price-live-updates-01-jul-2024.jpg"
70,Adani Ports & Special Economic Zone Share Price Live Updates: Adani Ports & Special Economic Zone Closes at Rs 1478.1 with 5.54% 1-Month Return,2024-07-01T03:01:07Z,https://economictimes.indiatimes.com/markets/stocks/stock-liveblog/adani-ports-special-economic-zone-share-price-live-updates-01-jul-2024/liveblog/111391720.cms,"Aquaguard Aura RO+UV+UF+Taste Adjuster(MTDS) with Active Copper &amp; Zinc 7L water purifier,8 stages of purification,suitable for borewell,tanker,municipal water(Black) from Eureka Forbes
Buy Now",The Times of India,Economic Times,"https://economictimes.indiatimes.com/thumb/msid-111391720,width-600,resizemode-4,imglength-40381/markets/stocks/stock-liveblog/adani-ports-special-economic-zone-share-price-live-updates-01-jul-2024.jpg"
71,State Bank of India Share Price Today Live Updates: State Bank of India Closes at Rs 848.95 with 2.14% Monthly Return,2024-07-01T03:00:50Z,https://economictimes.indiatimes.com/markets/stocks/stock-liveblog/state-bank-of-india-share-price-today-live-updates-01-jul-2024/liveblog/111391708.cms,"Aquaguard Aura RO+UV+UF+Taste Adjuster(MTDS) with Active Copper &amp; Zinc 7L water purifier,8 stages of purification,suitable for borewell,tanker,municipal water(Black) from Eureka Forbes
Buy Now",The Times of India,Economic Times,"https://economictimes.indiatimes.com/thumb/msid-111391708,width-600,resizemode-4,imglength-8302/markets/stocks/stock-liveblog/state-bank-of-india-share-price-today-live-updates-01-jul-2024.jpg"
72,Tata Consumer Products Share Price Live Updates: Tata Consumer Products Closes at Rs 1097.45 with 1-Month Return of 0.17%,2024-07-01T03:03:14Z,https://economictimes.indiatimes.com/markets/stocks/stock-liveblog/tata-consumer-products-share-price-live-updates-01-jul-2024/liveblog/111391823.cms,"Aquaguard Aura RO+UV+UF+Taste Adjuster(MTDS) with Active Copper &amp; Zinc 7L water purifier,8 stages of purification,suitable for borewell,tanker,municipal water(Black) from Eureka Forbes
Buy Now",The Times of India,Economic Times,"https://economictimes.indiatimes.com/thumb/msid-111391823,width-600,resizemode-4,imglength-22910/markets/stocks/stock-liveblog/tata-consumer-products-share-price-live-updates-01-jul-2024.jpg"
73,"UltraTech Cement Stocks Live Updates: UltraTech Cement Closes at Rs 11,667.90 with Impressive 1-Month Return of 17.67%",2024-07-01T03:02:42Z,https://economictimes.indiatimes.com/markets/stocks/stock-liveblog/ultratech-cement-stocks-live-updates-01-jul-2024/liveblog/111391802.cms,"Aquaguard Aura RO+UV+UF+Taste Adjuster(MTDS) with Active Copper &amp; Zinc 7L water purifier,8 stages of purification,suitable for borewell,tanker,municipal water(Black) from Eureka Forbes
Buy Now",The Times of India,Economic Times,"https://economictimes.indiatimes.com/thumb/msid-111391802,width-600,resizemode-4,imglength-61651/markets/stocks/stock-liveblog/ultratech-cement-stocks-live-updates-01-jul-2024.jpg"
74,Adani Enterprises Share Price Live Updates: Adani Enterprises Records Decrease in Stock Price with -2.06% One-Month Return,2024-07-01T03:01:36Z,https://economictimes.indiatimes.com/markets/stocks/stock-liveblog/adani-enterprises-share-price-live-updates-01-jul-2024/liveblog/111391735.cms,"Aquaguard Aura RO+UV+UF+Taste Adjuster(MTDS) with Active Copper &amp; Zinc 7L water purifier,8 stages of purification,suitable for borewell,tanker,municipal water(Black) from Eureka Forbes
Buy Now",The Times of India,Economic Times,"https://economictimes.indiatimes.com/thumb/msid-111391735,width-600,resizemode-4,imglength-16358/markets/stocks/stock-liveblog/adani-enterprises-share-price-live-updates-01-jul-2024.jpg"
75,Mahindra & Mahindra Stocks Live Updates: Mahindra & Mahindra Closes at Rs 2866.65 with Impressive 1-Month Return of 12.29%,2024-07-01T03:01:39Z,https://economictimes.indiatimes.com/markets/stocks/stock-liveblog/mahindra-mahindra-stocks-live-updates-01-jul-2024/liveblog/111391738.cms,"Aquaguard Aura RO+UV+UF+Taste Adjuster(MTDS) with Active Copper &amp; Zinc 7L water purifier,8 stages of purification,suitable for borewell,tanker,municipal water(Black) from Eureka Forbes
Buy Now",The Times of India,Economic Times,"https://economictimes.indiatimes.com/thumb/msid-111391738,width-600,resizemode-4,imglength-4428/markets/stocks/stock-liveblog/mahindra-mahindra-stocks-live-updates-01-jul-2024.jpg"
76,Tech Mahindra Share Price Live Updates: Tech Mahindra Closes at Rs 1430.35 with Impressive 1-Month Return of 8.76%,2024-07-01T03:02:23Z,https://economictimes.indiatimes.com/markets/stocks/stock-liveblog/tech-mahindra-share-price-live-updates-01-jul-2024/liveblog/111391778.cms,"Aquaguard Aura RO+UV+UF+Taste Adjuster(MTDS) with Active Copper &amp; Zinc 7L water purifier,8 stages of purification,suitable for borewell,tanker,municipal water(Black) from Eureka Forbes
Buy Now",The Times of India,Economic Times,"https://economictimes.indiatimes.com/thumb/msid-111391778,width-600,resizemode-4,imglength-7650/markets/stocks/stock-liveblog/tech-mahindra-share-price-live-updates-01-jul-2024.jpg"
77,UPL Stocks Live Updates: UPL Closes at Rs 570.85 with 12.2% Monthly Returns,2024-07-01T03:02:10Z,https://economictimes.indiatimes.com/markets/stocks/stock-liveblog/upl-stocks-live-updates-01-jul-2024/liveblog/111391767.cms,"Aquaguard Aura RO+UV+UF+Taste Adjuster(MTDS) with Active Copper &amp; Zinc 7L water purifier,8 stages of purification,suitable for borewell,tanker,municipal water(Black) from Eureka Forbes
Buy Now",The Times of India,Economic Times,"https://economictimes.indiatimes.com/thumb/msid-111391767,width-600,resizemode-4,imglength-9370/markets/stocks/stock-liveblog/upl-stocks-live-updates-01-jul-2024.jpg"
78,"Axis Bank Share Price Live Updates: Axis Bank Closes at Rs 1265.25 with 8.87% 1-Month Return, Promising Growth Ahead",2024-07-01T03:01:39Z,https://economictimes.indiatimes.com/markets/stocks/stock-liveblog/axis-bank-share-price-live-updates-01-jul-2024/liveblog/111391737.cms,"Aquaguard Aura RO+UV+UF+Taste Adjuster(MTDS) with Active Copper &amp; Zinc 7L water purifier,8 stages of purification,suitable for borewell,tanker,municipal water(Black) from Eureka Forbes
Buy Now",The Times of India,Economic Times,"https://economictimes.indiatimes.com/thumb/msid-111391737,width-600,resizemode-4,imglength-119775/markets/stocks/stock-liveblog/axis-bank-share-price-live-updates-01-jul-2024.jpg"
79,Asian Paints Share Price Today Live Updates: Asian Paints Closes at Rs 2917.05 with 1-Month Return of 0.2%,2024-07-01T03:03:59Z,https://economictimes.indiatimes.com/markets/stocks/stock-liveblog/asian-paints-share-price-today-live-updates-01-jul-2024/liveblog/111391840.cms,"Aquaguard Aura RO+UV+UF+Taste Adjuster(MTDS) with Active Copper &amp; Zinc 7L water purifier,8 stages of purification,suitable for borewell,tanker,municipal water(Black) from Eureka Forbes
Buy Now",The Times of India,Economic Times,"https://economictimes.indiatimes.com/thumb/msid-111391840,width-600,resizemode-4,imglength-28552/markets/stocks/stock-liveblog/asian-paints-share-price-today-live-updates-01-jul-2024.jpg"
80,Grasim Industries Share Price Today Live Updates: Grasim Industries Closes at Rs 2670.45 with 9.43% 1-Month Return,2024-07-01T03:01:54Z,https://economictimes.indiatimes.com/markets/stocks/stock-liveblog/grasim-industries-share-price-today-live-updates-01-jul-2024/liveblog/111391750.cms,"Aquaguard Aura RO+UV+UF+Taste Adjuster(MTDS) with Active Copper &amp; Zinc 7L water purifier,8 stages of purification,suitable for borewell,tanker,municipal water(Black) from Eureka Forbes
Buy Now",The Times of India,Economic Times,"https://economictimes.indiatimes.com/thumb/msid-111391750,width-600,resizemode-4,imglength-18120/markets/stocks/stock-liveblog/grasim-industries-share-price-today-live-updates-01-jul-2024.jpg"
81,JSW Steel Stocks Live Updates: JSW Steel Closes at Rs 931.5 with 2.66% 1-Month Return,2024-07-01T03:02:54Z,https://economictimes.indiatimes.com/markets/stocks/stock-liveblog/jsw-steel-stocks-live-updates-01-jul-2024/liveblog/111391813.cms,"Aquaguard Aura RO+UV+UF+Taste Adjuster(MTDS) with Active Copper &amp; Zinc 7L water purifier,8 stages of purification,suitable for borewell,tanker,municipal water(Black) from Eureka Forbes
Buy Now",The Times of India,Economic Times,"https://economictimes.indiatimes.com/thumb/msid-111391813,width-600,resizemode-4,imglength-127828/markets/stocks/stock-liveblog/jsw-steel-stocks-live-updates-01-jul-2024.jpg"
82,Eicher Motors Stocks Live Updates: Eicher Motors Closes at Rs 4672.95 with 1-Month Return of -2.05%,2024-07-01T03:01:22Z,https://economictimes.indiatimes.com/markets/stocks/stock-liveblog/eicher-motors-stocks-live-updates-01-jul-2024/liveblog/111391728.cms,"Aquaguard Aura RO+UV+UF+Taste Adjuster(MTDS) with Active Copper &amp; Zinc 7L water purifier,8 stages of purification,suitable for borewell,tanker,municipal water(Black) from Eureka Forbes
Buy Now",The Times of India,Economic Times,"https://economictimes.indiatimes.com/thumb/msid-111391728,width-600,resizemode-4,imglength-3258/markets/stocks/stock-liveblog/eicher-motors-stocks-live-updates-01-jul-2024.jpg"
83,Asian stocks fluctuate as traders weigh Trump win,2024-07-02T01:23:15Z,https://economictimes.indiatimes.com/markets/stocks/news/asian-stocks-fluctuate-as-traders-weigh-trump-win/articleshow/111417663.cms,Asian stocks fluctuated in a narrow range as traders weighed the possibility of another Donald Trump presidency in the wake of his debate with Joe Biden last week,The Times of India,Bloomberg,"https://img.etimg.com/thumb/msid-111417653,width-1200,height-630,imgsize-86136,overlay-etmarkets/photo.jpg"
84,Should you prefer RR Kabel over Polycab? Amnish Aggarwal explains why,2024-07-01T05:54:54Z,https://economictimes.indiatimes.com/markets/expert-view/should-you-prefer-rr-kabel-over-polycab-amnish-aggarwal-explains-why/articleshow/111395555.cms,"Amnish Aggarwal, Head of Research, Prabhudas Lilladher, says that with the kind of investment that is likely to happen and the kind of power generation targets and transmission targets which are ther… [+6703 chars]",The Times of India,ET Now,"https://img.etimg.com/thumb/msid-111395497,width-1200,height-630,imgsize-50656,overlay-etmarkets/photo.jpg"
85,Look for stocks with less downward volatility and stable earnings prospects: Anand Tandon,2024-07-02T02:30:00Z,https://economictimes.indiatimes.com/markets/expert-view/look-for-stocks-with-less-downward-volatility-and-stable-earnings-prospects-anand-tandon/articleshow/111411837.cms,"""There is no value in the market currently; we are in a momentum market",The Times of India,ET Now,"https://img.etimg.com/thumb/msid-111411810,width-1200,height-630,imgsize-28894,overlay-etmarkets/photo.jpg"
86,US job openings increase in May; layoffs rise,2024-07-02T17:06:37Z,https://biztoc.com/x/392fd5d75b8f8dea,"US job openings increase in May; layoffs rise ReutersUS job openings unexpectedly grew in May, reflecting a still resilient labor market CNNJob openings, new hires unexpectedly rise in May as labor d… [+132 chars]",Biztoc.com,reuters.com,https://biztoc.com/cdn/799/og.png
87,Compass Ion Advisors LLC Reduces Stock Position in Schwab US Broad Market ETF (NYSEARCA:SCHB),2024-07-01T12:32:46Z,https://www.etfdailynews.com/2024/07/01/compass-ion-advisors-llc-reduces-stock-position-in-schwab-us-broad-market-etf-nysearcaschb/,Compass Ion Advisors LLC lessened its stake in shares of Schwab US Broad Market ETF (NYSEARCA:SCHB – Free Report) by 0,ETF Daily News,MarketBeat News,https://www.americanbankingnews.com/wp-content/timthumb/timthumb.php?src=https://www.marketbeat.com/logos/schwab-us-broad-market-etf-logo-1200x675.jpg?v=20210824092510&w=240&h=240&zc=2
88,RHS Financial LLC Boosts Stock Holdings in Schwab US Broad Market ETF (NYSEARCA:SCHB),2024-07-01T15:20:42Z,https://www.etfdailynews.com/2024/07/01/rhs-financial-llc-boosts-stock-holdings-in-schwab-us-broad-market-etf-nysearcaschb/,RHS Financial LLC boosted its stake in shares of Schwab US Broad Market ETF (NYSEARCA:SCHB – Free Report) by 0,ETF Daily News,MarketBeat News,https://www.americanbankingnews.com/wp-content/timthumb/timthumb.php?src=https://www.marketbeat.com/logos/schwab-us-broad-market-etf-logo-1200x675.jpg?v=20210824092510&w=240&h=240&zc=2
89,Successful Portfolios LLC Boosts Position in Schwab US Broad Market ETF (NYSEARCA:SCHB),2024-07-01T13:14:41Z,https://www.etfdailynews.com/2024/07/01/successful-portfolios-llc-boosts-position-in-schwab-us-broad-market-etf-nysearcaschb/,"Successful Portfolios LLC lifted its position in Schwab US Broad Market ETF (NYSEARCA:SCHB – Free Report) by 1.6% in the 1st quarter, Holdings Channel.com reports",ETF Daily News,MarketBeat News,https://www.americanbankingnews.com/wp-content/timthumb/timthumb.php?src=https://www.marketbeat.com/logos/schwab-us-broad-market-etf-logo-1200x675.jpg?v=20210824092510&w=240&h=240&zc=2
90,Seaside Wealth Management Inc. Lowers Holdings in Schwab US Broad Market ETF (NYSEARCA:SCHB),2024-07-01T13:56:42Z,https://www.etfdailynews.com/2024/07/01/seaside-wealth-management-inc-lowers-holdings-in-schwab-us-broad-market-etf-nysearcaschb/,Seaside Wealth Management Inc. reduced its position in shares of Schwab US Broad Market ETF (NYSEARCA:SCHB – Free Report) by 0,ETF Daily News,MarketBeat News,https://www.americanbankingnews.com/wp-content/timthumb/timthumb.php?src=https://www.marketbeat.com/logos/schwab-us-broad-market-etf-logo-1200x675.jpg?v=20210824092510&w=240&h=240&zc=2
91,BioPorto confirms market acceptance of NGAL products with US standing order.,2024-07-01T15:30:00Z,https://www.globenewswire.com/news-release/2024/07/01/2906899/0/en/BioPorto-confirms-market-acceptance-of-NGAL-products-with-US-standing-order.html,"July 1, 2024 
News Release 
BioPorto confirms market acceptance of NGAL products with US standing order",GlobeNewswire,BioPorto  A/S,https://ml-eu.globenewswire.com/Resource/Download/b9686d8c-3706-4a6c-b22a-ae722c122c21
92,CCG Wealth Management LLC Has $3.41 Million Stock Position in Vanguard Total Stock Market ETF (NYSEARCA:VTI),2024-07-02T13:16:42Z,https://www.etfdailynews.com/2024/07/02/ccg-wealth-management-llc-has-3-41-million-stock-position-in-vanguard-total-stock-market-etf-nysearcavti/,"CCG Wealth Management LLC lessened its stake in Vanguard Total Stock Market ETF (NYSEARCA:VTI – Free Report) by 21.9% in the 1st quarter, Holdings Channel reports",ETF Daily News,MarketBeat News,https://www.americanbankingnews.com/wp-content/timthumb/timthumb.php?src=https://www.marketbeat.com/logos/vanguard-total-stock-market-etf-logo-1200x675.png?v=20210827104618&w=240&h=240&zc=2
93,Waterway Wealth Management LLC Cuts Stock Holdings in Vanguard Total Stock Market ETF (NYSEARCA:VTI),2024-07-01T11:12:42Z,https://www.etfdailynews.com/2024/07/01/waterway-wealth-management-llc-cuts-stock-holdings-in-vanguard-total-stock-market-etf-nysearcavti/,Waterway Wealth Management LLC trimmed its holdings in shares of Vanguard Total Stock Market ETF (NYSEARCA:VTI – Free Report) by 95,ETF Daily News,MarketBeat News,https://www.americanbankingnews.com/wp-content/timthumb/timthumb.php?src=https://www.marketbeat.com/logos/vanguard-total-stock-market-etf-logo-1200x675.png?v=20210827104618&w=240&h=240&zc=2
94,Mayfair Advisory Group LLC Boosts Stock Position in Vanguard Total Stock Market ETF (NYSEARCA:VTI),2024-07-01T19:00:41Z,https://www.etfdailynews.com/2024/07/01/mayfair-advisory-group-llc-boosts-stock-position-in-vanguard-total-stock-market-etf-nysearcavti/,"Mayfair Advisory Group LLC boosted its position in shares of Vanguard Total Stock Market ETF (NYSEARCA:VTI – Free Report) by 26.0% in the 1st quarter, HoldingsChannel reports",ETF Daily News,MarketBeat News,https://www.americanbankingnews.com/wp-content/timthumb/timthumb.php?src=https://www.marketbeat.com/logos/vanguard-total-stock-market-etf-logo-1200x675.png?v=20210827104618&w=240&h=240&zc=2
95,SteelPeak Wealth LLC Raises Stock Position in Vanguard Total Stock Market ETF (NYSEARCA:VTI),2024-07-01T13:58:42Z,https://www.etfdailynews.com/2024/07/01/steelpeak-wealth-llc-raises-stock-position-in-vanguard-total-stock-market-etf-nysearcavti/,"SteelPeak Wealth LLC grew its holdings in shares of Vanguard Total Stock Market ETF (NYSEARCA:VTI – Free Report) by 534.5% during the first quarter, Holdings Channel reports",ETF Daily News,MarketBeat News,https://www.americanbankingnews.com/wp-content/timthumb/timthumb.php?src=https://www.marketbeat.com/logos/vanguard-total-stock-market-etf-logo-1200x675.png?v=20210827104618&w=240&h=240&zc=2
